N_Plant,N_Flower,N_Animal,N_Water,N_Terrain,N_Color,N_Weather,F_active,F_recreation,F_cultural,F_stationary,F_catering,F_Transport,F_service,F_path,F_Sign,F_lights,Act_active,Act_stationary,Act_light,P_Tactile,P_Sound,P_Olf,P_Crowd,,,,,,,,
acacia,anther,acoelomate,anglers,alps,aquamarine,breeze,badminton,attraction,amphitheater,arbours,baker ,access,accommodation,alleys,arrow,backlit,adventure,break,activies,aching,abuzz,abysmal,busier,,,,,,,,
algae,aromas,alligator,aquatic,altitude,azure,breezes,ball,attractions,amphitheaters,awning,bakeries,accessibility,accommodations,archway,arrows,bleak,aerobic,brooding,activites,adhesive,acoustics,acrid,busy,,,,,,,,
algal,aromatic,alligators,basin,altitudes,beige,breezier,baseball,,amphitheatres,bench,bakery,accessible,aid,avenue,direction,bright,aerobics,chat,activities,bandaged,albums,air,busylovely,,,,,,,,
aloe,begonia,ikan,basins,basin,black,breezy,basketball,ballet,antique,benche,bar,berth,amenities,avenues,directions,brighten,aerobics,chatted,amble,battered,aloud,aroma,clogged,,,,,,,,
aloe,begonias,amphibian,beach,basins,blacks,chill,bat,ballroom,antiques,benched,barbeque,berthed,amenity,bikeways,graphs,brightens,alpine,chatting,ambled,bite,altercation,aromas,cluttered,,,,,,,,
amaranth,bloom,giraffe,beaches,bog,blue,chilled,bats,bandshell,arch,benches,barmen,berthing,amentities,boardwalk,guidepost,brighter,ambling,chess,ambling,bites,applaud,aromatic,congested,,,,,,,,
angiosperm,bloom,amphibians,beaches ,boggy,bluish,chilly,bball,bandstand,arched,benchesm,bars,boat,ammenities,boardwalks,hoardings,candle,aquathlon,chill,,biting,applauded,atrocious,congestion,,,      ,,,,,
arboret,bloom,pooches,beachfront,butte,bluish,cloudless,bladers,bandstands,arches,benchs,bbq,boats,arcades,boulevard,label,candles,ascend,chilling,anglers,bitten,applause,awful,crammed,,,,,,,,
arbors,bloomed,anaconda,beachside,caldera,bronze,cloudless,bmx ,boat,archway,cabanas,bbq,bus,atelier,boulevards,labelled,chandelier,ascending,communing,anglers,blistering,audible,balmy,cramped,,,,,,,,
artemisia,bloomed,pigeons,boardwalk,canal,brown,clouds,bouldering,boathouse,archways,cabin,beer,buses,auberges,breakwater,labels,dank,ascends,contemplation,anglers ,blisters,audibly,cense,cranwded,,,,,,,,
bamboo,bloomed,angelfish,boat,canyon,brownish,cloudy,boulders,boating,art,cabine,beverage,buss,barber,bridge,lose,dark,athletes,contemplative,barbecue,blunt,baa,cigarette,crowd,,,,,,,,
bamboos,blooming,mozzie,boaters,canyons,chartreuse,cold,bowling,boats,artefacts,cabins,biryani,busses,bathhouse,bridges,loses,darken,athletic,dozed,barbecued,bouncy,babble,cigarettes,crowded,,,,,,,,
banyan,blooming,insect,boating,cave,clayey,colder,boxing,darting,artifact,camphor,bisto,busstand,bathroom,broadwalk,losing,darkened,athletics,feed,barbecues,breeze,babbling,cologne,,,,,,,,,
banyans,blooms,mynahs,boats,caves,color,cool,,recreation,artifacts,chair,bistro,busstop,bathrooms,carriageway,loss,darkening,backpacking,feeding,barbecuing,breezes,ballad,dreadful,crowdedness,,,,,,,,
baobabs,blooms,animal,boats ,cliff,colored,damp,,camping,artificial,chairs,bistros,busstour,baths,causeway,losses,darkens,badminton,laid,barbeque,breezier,ballads,effluvium,crowder,,,,,,,,
basil,blooms,rooster,bombarded,cliffs,colors,dew,,campsite,artist,chalets,breakfast,cab,bathtub,connecter,lost,darker,ball,lay,barbeques,breezy,band,fetid,crowdier,,,,,,,,
beech,blooms,animals,breakwater,cliffside,copper,dews,canoe,campsites,artists,chatting,breweries,cabbie,bidet,connection,map,darkness,ballerina,layed,barbequing,bruised,bands,fetor,crowding,,,,,,,,
berries,blooms,ant,breakwaters,coast,crimson,downpour,canoeing,garden,artwork,commune,brewery,cabs,bookshop,connector,mapped,dim,ballet,laying,BBQ,bumps,bang,foetid,crowdless,,,,,,,,
biomes,bloomy,pheasants,breakwaters ,coastal,cyan,downpours,canoing,cottage,artworks,cottages,bristro,car,booth,connectors,mapping,dingy,ballroom,lays,bbq,bumpy,bark,fragrance,,,,,,,,,
biotope,blossom,locust,brook,coastline,dark,drizzle,,cottages,beadwork,couch,brunch,carpark,booths,cycleway,maps,dire,baseball,laze,birder,chill,barked,fragrances,crowds,,,,,,,,
biotopes,blossom,cockatoos,brooks,coasts,florescent,drizzling,,dance,bonsai,cubicle,brunch,carparks,boutique,cycleways,mark,faint,basketball,lazing,birders,chilled,barking,fragrant,crowdy,,,,,,,,
bogplant,blossom,schnauzer,canal,crater,foliaged,drizzly,course,danced,bonzai,cubicles,bubble,cars,boutiques,entryway,marked,gloomy,bat,lazy,birding,chilling,barks,fresh,crowed,,,,,,,,
bonsai,blossom,parakeets,canals,dales,gold,drizzly,courses,dancers,bronze,furniture,bubblers,drive,cabanas,expressway,marker,grim,bats,lying,birdwatch,chilly,basses,fresher,filled,,,,,,,,
bonsai,blossom,habitats,canoe,downhill,gray,flurries,court,dances,bronzes,gazebo,buffet,driver,cabins,expressways,markers,grimmer,batter,meditate,birdwatcher,clammy,bawl,freshness,flocking,,,,,,,,
bonsais,blossomed,ants,canoeing,downland,green,fog,courts,dancing,burial,gazeboes,burger,driving,casinos,footbridge,marking,illuminate,batters,meditated,birdwatchers,cold,beep,herbs,flocks,,,,,,,,
botanic,blossoming,arapaima,canoeists,downslope,greening,foggy,,expo,calligraphy,gazeebo,caf,elevator,cbd,footbridge,marks,illuminated,bball,meditating,birdwatching,colder,beeping,hideous,flooded,,,,,,,,
botanical,blossoms,macrofauna,canoers,dunes,greenish,frost,,funicular,cannon,hammock,cafe,escalate,chalets,footbridges,placard,illuminating,bball,meditation,boaters,cool,,horrendous,full,,,,,,,,
botanically,blossoms,horses,canoes,down,greenish,frosty,equipment,themed,cannons,hammocks,cafes,escalator,conveniences,footpath,placards,illumination,bicycle,meditations,camp,cooled,bellow,horrible,jam,,,,,,,,
botanicals,blossoms,moth,canoing,elevated,greeny,gust,excercise,spring,carvings,hut,cafetaria,escalators,cottages,footpaths,poster,illuminations,bicycle,meditative,camped,cooler,bells,horrid,jammed,,,,,,,,
boughs,bormelias,python,cascades,elevation,greeny,gust,excercises,venue,castle,huts,cafetaria,ferry,courts,footway,posters,lamp,bicycles,meditators,camper,coolest,birdsong,incense,,,,,,,,,
branchroot,bougainvillea,arowana,cistern,estuary,hues,gusts,excercising,glasshouse,castles,mattresses,cafeteria,garage,dodol,freeways,sign,lamps,bicycles,mindfulness,campers,cooling,birdsongs,inhale,lines,,,,,,,,
briyani,bougainvillea,avian,cisterns,flat,hues,gusts,exercise,glasshouses,cathedral,parasols,cafeterias,helicopters,dung,gangway,signage,lantern,bicycling,naps,camping,coolness,blare,inhaled,lineup,,,,,,,,
bromeliad,bougainvilleas,aviary,cityscapes,flatlands,iridescence,gusty,exercise,gondola,cathedral,patio,caffe,lift,dustbins,greenway,signages,lanterns,bicycling,quietude,camps,cools,blaring,inhaling,lineups,,,,,,,,
bromeliads,bougainvillia,avifauna,coast,floodplain,iridescent,hail,exercising,gondolas,cave,pavilioins,canteen,lifts,emporium,highway,signal,light,bicyclists,read,campsite,cramp,blasting,malodor,mobbed,,,,,,,,
brushwood,bougenville,bat,coastal,foothill,,hailstorm,field,grandstand,caves,pavilion,canteens,metro,emporiums,highways,signaling,lighted,bicyclists,reading,campsites,crisp,blaying,malodour,overcrowd,,,,,,,,
buds,bromeliads,salmon,coastline,foothills,lacy,haze,fields,grandstands,celebrate,pavilions,cartel,metroline,facility,intersection,signals,lighting,bicyle,reclined,composer,damaged,bleat,mephitis,overcrowded,,,,,,,,
burgeon,bromiliads,gator,coasts,geological,lavender,hazy,,hide,cemeteries,pavillion,catering,minibus,facilties,intersections,signboard,lightings,bicyle,reclining,crabbing,damp,bleeping,miserable,overcrowding,,,,,,,,
bush,buds,oriole,coldwater,geology,magenta,heat,fitness,hides,cemetery,pavillions,coffee,minibus,facilty,interstates,signboards,lights,bike,relax,dayout,dank,blither,musky,overflow,,,,,,,,
bushes,buds,mosquitos,coral,gorge,maroon,heatwave,,towers,cenotaph,pavillons,coffeebean,monorail,grocer,lane,signpost,lit,bike,relaxation,ensemble,discomfort,boisterous,musty,overloaded,,,,,,,,
bushy,buds,seagulls,corals,grotto,milky,humid,,hoops,ceramics,pergola,coffeeshop,mrt,groceries,lanes,signposted,optimistic,biked,relaxed,entertainment,dive,boo,niff,pack,,,,,,,,
cacti,cherry,owl,costal,gully,multicolor,humidity,,rickshaw,chapel,pergolas,congee,mrts,grocery,loop,signposting,pessimistic,biked,relaxing,entertainments,dived,brag,nose,packed,,,,,,,,
cacti,cymbidiums,bats,cove,headland,multicolored,hurricane,,hopped,church,platform,cooking,parked,hawker,loops,signposts,shadow,biker,rest,expedition,divers,bragging,noxious,queue,,,,,,,,
cactus,daffodil,bears,creek,up,pastel,hurricanes,flyingfox,houseboats,churches,platforms,cooler,parking,hostel,,signs,shadows,bikers,resting,expeditions,dives,brattle,odor,queued,,,,,,,,
cactus,daisies,beast,creeks,higher,periwinkle,icy,football,hut,collection,refuge,court,parkings,hostels,motorway,wayfinding,sobering,bikers,rests,exploration,diving,brawl,odoriferent,queues,,,,,,,,
cactuses,dendrobium,camel,dam,highland,pink,lightening,footballs,huts,collections,rest,curry,shuttle,hotel,motorways,waymarked,streetlights,bikes,sat,explorations,drenched,bray,odorous,queuing,,,,,,,,
canopies,floral,beasts,dams,highlands,pinkish,lightning,frisbee,points,columbarium,resting,dapaulo,shuttled,hotels,overpass,,,bikes,seat,exploratory,dried,bustles,odour,swamped,,,,,,,,
canopy,floral,bushbabies,deluge,hill,purple,mist,frisbees,jetties,commemorate,rests,dining,shuttles,hygeine,overpass,,,biking,seated,explore,dries,buzz,olfact,swarming,,,,,,,,
cardamon,florally,piglets,deluged,hillock,rainbow,misty,,jetty,commemorates,rotunda,dinner,station,hygiene,overpasses,,,biking,seating,explored,dry,buzzed,oxygen,teeming,,,,,,,,
casuarina,florals,geckos,deluges,hills,red,moist,,kite,commemorating,sanctuary,dispenser,stations,hygienic,parkway,,,bladers,seats,explorer,drying,buzzing,P_Olf,uncrowded,,,,,,,,
casuarinas,flower,koi,dock,hillside,reddish,moisture,golf,sites,commemoration,seat,drinkable,stopovers,inn,passageway,,,bmx ,sedentary,explores,dryness,cackle,perfume,busily,,,,,,,,
cedar,flower,beavers,docks,hillsides,ruddy,rain,gym,maze,commemorative,seated,drinking,stops,kiosk,path,,,bouldering,sipping,exploring,elastic,cackling,perfumed,,,,,,,,,
chamaephyte,flowera,seabass,downpours,hilltop,rufous,rainfall,gymnasium,orchestra,concert,seater,drinks,subway,kiosks,paths,,,boxing,sit,fiddler,fahrenheit,cacophony,perfumes,,,,,,,,,
chard,flowerd,geese,downstream,hilltops,satin,raining,gymnastic,paddle,concerts,seaters,eatables,taxi,kitchen,pathway,,,buggies,sits,fisher,flattens,calling,poison,,,,,,,,,
cinta,flowered,genus,drainage,hilly,scarlet,rains,gymnasts,paddleboarding,congregation,seating,eateries,taxis,laundry,pathways,,,buggys,sitting,fisherfolk,flooded,calls,poisonous,,,,,,,,,
coppice,flowered,roosters,ecosystems,hummock,silvery,rainstorm,gyms,paddled,dargah,seatings,eatery,terminal,litterbins,pavement,,,calisthenic,sleeping,fisheries,fluffy,carols,pungent,,,,,,,,,
coral,flowering,bee,estuarine,hump,speckled,rainy,hardcourt,paddlers,dinosaur,seats,eating ,train,locker,pavements,,,calisthenics,solitude,fisherman,foam,chant,putrid,,,,,,,,,
corals,flowering,magpies,estuary,karst,striated,showers,kayak,paddles,dioramas,shade,f b,trains,lockers,pcn,,,callisthenic,stand,fishermen,foams,chanting,rancid,,,,,,,,,
corm,flowers,hamster,estuary,knoll,striped,showery,kayaks,paddling,display,shaded,f n b,tram,lodge,pontoon,,,callisthenics,standing,fishermen,fractured,chat,Reek,,,,,,,,,
cryophyte,flowers,bees,fauna,knolls,stripy,showery,kickboxing,paragliding,displayed,shading,filling,trams,loo,promenade,,,canoe,stands,fishers,freeze,chats,reek,,,,,,,,,
cryptophyte,flowery,beetle,fishpond,lakeshore,tan,slushy,longboards,pastures ,displaying,shed,filters,transfer,lounge,promenades,,,canoeing,stationary,fishery,freezing,chatted,reeks,,,,,,,,,
cultivar,fragrant,beetles,flood,landform,tawny,snow,paddle,patio,displays,sheds,fnb,transfers,lounge,quay,,,canoeist,stood,fishing,frosty,chatter,scent,,,,,,,,,
cycad,frangipani,bird,flooded,lava,teal,snowing,paddleboarding,patios,dome,shelter,food,transit,mall,ramp,,,canoeists,sunbathe,flutist,froze,chattering,scented,,,,,,,,,
deciduous,frangipani,locusts,flooding,dunes,tortie,snowy,paddled,,domes,sheltered,foodcourt,transport,malls,ramps,,,canoers,sunbathing,frolic,frozen,chatting,scentless,,,,,,,,,
defoliation,frangipanis,prawns,floodplain,lower,translucent,soggy,paddles,,education,sheltering,foodcourts,transportation,manicure,road,,,canoes,sunning,frolick,furry,cheer,scents,,,,,,,,,
dicotyledon,heliconia,kingfishers,floods,lowland,turqoise,squall,paragliding,,educational,shelters,foodhall,transported,manicures,roads,,,canoing,suntanning,frolicking,gnarled,cheered,smell,,,,,,,,,
elm,heliconia,rabbit,fluvial,magma,turquoise,squalls,pickleball,,embossed,sit,foodworks,transporting,massage,roadway,,,cardio,unwind,frolicking,grease,cheering,smelled,,,,,,,,,
epiphytes,heliconias,hornbills,fountain,marsh,violet,storm,pool,pedaled,engraved,sitout,fountains,transports,megamall,roadways,,,catamaran,watch,game,greasy,chime,smelling,,,,,,,,,
epiphytic,heliconias,chickens,fountains,marshes,watery,storms,pools,pedaling,entrance,sittable,goreng,trolley,minimart,route,,,chased,watched,games,gust,chirp,smells,,,,,,,,,
espalier,heliconium,birdlife,freshwater,marshland,white,stormy,pullup,philharmonic,entryway,sitting,grub,uber,motel,routes,,,chasing,watching,gaming,gusts,chirping,smelly,,,,,,,,,
ethnobotanical,helicons,kacang,geyser,marshlands,yellow,sultry,rink,piazza,etched,sofa,hala,valet,onsen,sidewalk,,,climb,write,gather,hairy,chirping ,smoker,,,,,,,,,
ethnobotany,hibiscus,mynas,geysers,marshy,yellowish,sun,rowboat,pickleball,exhibit,stool,halal,vehicle,outlets,sidewalks,,,climbed,writing,gather,haptics,chirps,smokers,,,,,,,,,
eucalyptus,hyacinth,birds,geysers,meadow,amethyst,sunlit,sail,picknick,exhibition,stools,halia,vehicles,parlors,skybridge,,,climber,,gathering,hard,chirrup,smokes,,,,,,,,,
eucalyptus,ixora,bittern,habitat,meadows,buffy,sunnier,sailing,pier,exhibitions,stops,hawker,wheelchair,pedicure,skybridges,,,climbers,,gatherings,hardens,chitchat,smoking,,,,,,,,,
evergreen,jasmine,lamb,habitats,mire,carboniferous,sunniest,,piers,exhibits,table,hawkers,,pee,skywalk,,,climbing,,glide,harder,chitter,sniff,,,,,,,,,
fern,jasmine,grasshoppers,hydrosphere,morass,cinnamon,sunny,schooner,dragonboat,figurine,tables,hawkers,,pharmacy,skywalk,,,climbling,,glided,hardest,choir,sniffing,,,,,,,,,
fernery,jasmine,bitterns,inlet,mound,colorful,sunrise,shaolin,pits,figurines,tabletops,kebab,,poo,skywalks,,,climbs,,glider,harsher,choirs,snift,,,,,,,,,
ferns,jasmine,boar,inlets,mountain,coloring,sunset,shuttlecock,play,firework,tent,kfc,,potty,skywalks,,,coach,,gliders,heat,choral,spice,,,,,,,,,
ferny,jasmines,invertebrate,inlets ,mountaineering,fluorescent,sunshine,skatepark,playground,fireworks,tents,kios,,rent,skyway,,,coached,,gliding,heated,chorus,spiced,,,,,,,,,
ferny,Laburnum,boars,innundated,mountainous,greener,sweltering,skateparks,playgrounds,fort,,kopi,,rental,skyway,,,coaches,,golf,heating,chuckle,spices,,,,,,,,,
ficus,lavendar,oyster,intertidal,mountains,hue,sweltering,skates,playhouse,fortifications,,kopitiam,,rentals,stair,,,conditioning,,golfers,heats,chug,spicing,,,,,,,,,
figs,lavender,insects ,intertidal ,mountaintop,inky,thunderclouds,skating,playland,fortress,,lorries,,rented,staircase,,,cycled,,guide,heavier,clack,stench,,,,,,,,,
flora,lilies,piglet,inundated,mudflats,shades,thunderstorm,sloop,playscape,forts,,mac,,renting,staircases,,,cyclers,,hang,heavy,clamorous,stenchy,,,,,,,,,
floral,lilly,buffaloes,jetties,overhanging,stained,thunderstorms,soccer,playspace,fossil,,macd,,rents,stairs,,,cycling,,hanging,hot,clang,stinch,,,,,,,,,
florally,lilly,bug,jetty,palustrine,tanning,thundery,softball,plaza,fossilized,,macdolands,,repair,stairway,,,cyclist,,hangout,hotter,clanging,stink,,,,,,,,,
florals,lily,bugs,kayak,peak,tint,tornado,speedboat,pod,fossils,,macdonal,,resort,stairways,,,cyclists,,hangs,hottest,clangor,stinks,,,,,,,,,
floras,lily,plovers,kayakers,peakland,tinted,tsunami,sports,pontoon,fountain,,macdonald,,resorts,stairwell,,,cyclocross,,hung,humid,clank,stinky,,,,,,,,,
foliage,lily,bulbul,kayaking,peaks,verdure,typhoon,squash,pontoons,fountains,,macdonalds,,restroom,street,,,dance,,kite,humidity,clatter,suck,,,,,,,,,
foliaged,lotus,bulbuls,kayaks,precipice,versicolor,watery,stadia,quay,fresco,,macs,,restrooms,streets,,,danced,,kites,hurt,clink,sucks,,,,,,,,,
foliole,lotus,infestations,lagoon,quagmire,viridis,weather,stadium,quays,funeral,,makansutra,,retail,thoroughfare,,,dancers,,leisure,hydrophilic,clonk,terrible,,,,,,,,,
forest,marigold,mouse,lagoons,quarries,,wet,takraw,quayside,galleries,,mccafe,,retailer,thoroughfares,,,dances,,loitering,icy,cluck,tobacco,,,,,,,,,
forested,munias,parakeet,lake,quarry,,wind,tennis,rope,gallery,,mcd,,room,track,,,dancing,,lounging,injure,clucking,toxic,,,,,,,,,
forestry,orchard,goshawk,lakes,ramp,,winds,trampoline,rowboat ,gargantuan,,mcdolands,,rooms,tracks,,,dive,,meander,injured,clunk,whiff,,,,,,,,,
forests,orchards,salamander,lakeshore,ramps,,windy,treadmill,rowers,grave,,mcdonald,,salon,trail,,,dived,,meandered,injuries,commotion,whiffy,,,,,,,,,
frond,orchid,hawkmoth,lakeside,ravine,,,volleyball,rowing,graves,,mcdonalds,,sanitary,trailhead,,,divers,,meandering,injury,concert,flavorful,,,,,,,,,
fronds,orchides,pangolins,landscape,ridge,,,volleyballs,salsa,gravestone,,mcds,,sanitation,trailheads,,,dives,,meanders,itch,concerts,,,,,,,,,,
fruiting,orchids,bulbuls ,landscapes,ridges,,,wakeboard,samba,gravestones,,merlions,,sauna,trails,,,diving,,melodic,itched,conversation,,,,,,,,,,
frutex,orchids,bullfrogs,loch,river,,,waterski,sampan,graveyard,,michelin,,seller,TreeWalk,,,downhill,,musician,itches,conversations,,,,,,,,,,
gaharu,orchids,murtabak,mangrove,rock,,,waterskiing,sampans,graveyards,,nasi,,sellers,underpass,,,drift,,naturalist,itchiness,cooing,,,,,,,,,,
galangal,orchis,malam,mangroves,rocky,,,windsurf,sand,grotto,,pizza,,service,underpasses,,,drifting,,naturalists,itching,crackle,,,,,,,,,,
gardners,orchits,pork,marina,salina,,,woodball,sandbox,gurudwara,,prata,,services,viaduct,,,drilling,,operas,itchy,creak,,,,,,,,,,
gemmation,orchy,nasi,marsh,scarp,,,workout,sandboxes,headstone,,pub,,shop,walks,,,dropped,,orchestra,knee,crepitate,,,,,,,,,,
genera,orchyds,mudskippers ,marshes,scree,,,workouts,sandpit,headstones,,pubs,,shophouses,walkway,,,dunk,,orchestral,lick,cried,,,,,,,,,,
genus,orcvhids,grubs,marshes ,shoreline,,,yoga,sandpits,heritage,,reastaurant,,shoppes,walkways,,,dunking,,orchestras,mist,cries,,,,,,,,,,
geophyte,ordchid,munia,marshland,shorelines,,,yogas,skybridge,heritages,,refill,,shops,way,,,enduros,,outing,moist,croaked,,,,,,,,,,
germinance,orkid,organisms,marshland ,slalom,,,yogi,slid,history,,refilling,,shower,ways,,,excercise,,paragliding,moistened,croaking,,,,,,,,,,
ginger,orkide,osprey,marshlands,slope,,,yogis,slide,inscribed,,refreshment,,showering,westbound,,,excercises,,parasailing,moisture,croaky,,,,,,,,,,
glycophyte,orkidenin,monsters,marshy,slopes,,,zumba,slides,inscription,,rehydrate,,showroom,footway,,,excercising,,party,muggy,croons,,,,,,,,,,
gramineous,orquid,asam,mudflats,stair,,,,sliding,inscriptions,,restaraunt,,spa,cycleways,,,excursion,,philharmonic,mush,crowing,,,,,,,,,,
grass,orquids,goats,N_Flower,staircase,,,,sloop,jewels,,restaraunts,,spas,travelators,,,excursions,,photo,mushy,cry,,,,,,,,,,
grassed,periwinkle,flora,ocean,staircases,,,,sloops,keepsakes,,restauarant,,spring,cycleway,,,exercise,,photographer,oily,crying,,,,,,,,,,
grasses,petal,butterflies,oceanfront,stairs,,,,snorkeling,landmark,,restaurant,,stall,sidewalks,,,exercised,,photographers,perspiring,deafening,,,,,,,,,,
grassland,phalaenopsis,mudfish,oceans,stairway,,,,speedboat,landmarks,,restaurant,,stalls,driveway,,,exerciser,,photography,poking,discuss,,,,,,,,,,
grasslands,plumeria,goannas,paddlers,stairways,,,,splashpad,landmarks ,,restaurants,,store,viaduct,,,exercisers,,photos,prickly,discussed,,,,,,,,,,
grassy,plumeria,goat,paddling,stairwell,,,,spot,mandir,,restaurants,,stores,,,,exercises,,picnic,punchy,discussing,,,,,,,,,,
greener,rhododendrons,calves,pelagic,steep,,,,spots,masjid,,restrauant,,supermarket,,,,exercising,,picnicked,rashes,droning,,,,,,,,,,
greeneries,rose,seafood,pier,steeper,,,,stage,massive,,restsurants,,supermart,,,,expedition,,picnickers,rough,duet,,,,,,,,,,
greenery,rose,calf,piers,steeps,,,,structure,masterpiece,,restuant,,toilet,,,,expeditions,,picnicking,rub,echo,,,,,,,,,,
greenest,rose,sandpipers,pond,summit,,,,swing,masterpieces,,restuarant,,toilets,,,,fitness,,picnicking,rubbing,echoes,,,,,,,,,,
greening,roses,canine,ponds,summits,,,,swinging,memento,,restuarant,,toliet,,,,fixie,,picnics,scratchy,echoing,,,,,,,,,,
greens,roses,lemurs,pontoon,swale,,,,swings,mementoes,,restuarants,,tub,,,,fixies,,picture,searing,,,,,,,,,,,
grove,sakura,carnivore,pool,swamp,,,,swingset,mementos,,resturant,,tubs,,,,football,,picture,sharp,ensemble,,,,,,,,,,
groves,sunflowers,carp,pools,swampland,,,,symphony,memorabilia,,resturant,,tuckshop,,,,footballs,,pictures,sharper,,,,,,,,,,,
gymnosperm,sunflowers,scorpions,puddle,swamps,,,,tent,memorial,,resturante,,urinal,,,,frisbee,,play,sharpest,exclaimed,,,,,,,,,,
habitat,tulip,nong,puddles,swampy,,,,tentage,memorial,,resturants,,urinals,,,,frisbees,,played,silky,expletive,,,,,,,,,,
halophyte,tulip,reefs,quay,terrace,,,,tents,memorials,,resturaurants,,villa,,,,futsal,,playing,sizzling,fizz,,,,,,,,,,   
hazel,tulips,herons,rafting,terraced,,,,training ,monument,,reszaurants,,villas,,,,futsal,,plays,slick,flick,,,,,,,,,,
hemicryptophyte,tulips,merah,rafting ,terraces,,,,trampoline,monumental,,retaurants,,wash,,,,goalies,,prawning,slimy,flute,,,,,,,,,,
herb,tulips,cockerel,rainwater,terracing,,,,trampolines,monuments,,satay,,washes,,,,gondola,,promenading,slippery,flutist,,,,,,,,,,
herbaceous,vanda,insectivorous,rapids,terrain,,,,trapeze,mummies,,seafood,,washroom,,,,gondolas,,prowl,slippy,flutter,,,,,,,,,,
herbal,violets,pony,reef,terrains,,,,traveled,mummy,,snack,,washrooms,,,,gym,,prowling,slushy,fluttered,,,,,,,,,,
herberie,violets,cheetah,reefs,topland,,,,treadmill,mural,,snack stalls,,wifi,,,,gymnasium,,ramble,smooth,fluttering,,,,,,,,,,
herbs,waterlilies,pets,reservior,topographical,,,,treehouse,murals,,snacks,,supermarkets,,,,gymnastic,,rambles,smoother,gig,,,,,,,,,,
horticultural,waterlillies,scallop,reservoir,topography,,,,vessel,musem,,soto,,brewery,,,,gymnastics,,recital,soaked,giggles,,,,,,,,,,
horticulture,waterlilly,magpie,reservoir,topped,,,,waterfall,museum,,spout,,inn,,,,gymnasts,,roam,soaking,giggling,,,,,,,,,,
hydrilla,waterlily,rodents,reservoirs,tops,,,,waterfalls,museums,,spouts,,hostels,,,,gyms,,roamed,soaks,gigs,,,,,,,,,,
jungle,waterlily,hornbill,reservoirs ,treetop,,,,waterfront,musician,,stall,,hotsprings,,,,hardcourt,,roaming,sodden,greet,,,,,,,,,,
jungles,wildflowers,orioles,resevoir,uphill,,,,waterfronts,musicians,,stalls,,shophouses,,,,hike,,salmon,soft,greeting,,,,,,,,,,
jungly,,moorhens,resevoirs,uphills,,,,waterpark,musuem,,stand,,accomodation,,,,hiked,,saunter,softens,greetings,,,,,,,,,,
kacang,,pig,river,upper,,,,waterparks,obelisk,,starbuck,,wc,,,,hiker,,sauntered,softer,greets,,,,,,,,,,
kailan,,shark,riverbank,upslope,,,,waterplay,pagoda,,starbucks,,wcs,,,,hikers,,scoot,soggy,gripe,,,,,,,,,,
kapok,,kangaroo,riverbed,valley,,,,waterslide,pagoda,,storage,,concierge,,,,hikes,,scooted,sore,gripes,,,,,,,,,,
knotweed,,montane,rivers,valleys,,,,wharf,pagodas,,supper,,motel,,,,hiking,,scooter,sprain,groan,,,,,,,,,,
lawn,,carps,riverside,verge,,,,yacht,pagodas,,tap,,ballroom,,,,hillclimb,,scooter,sprained,groove,,,,,,,,,,
lawns,,cockroach,rivulet,volcanic,,,,yachts,painter,,taps,,center,,,,hoop,,scootering,springy,growl,,,,,,,,,,
leaf,,pooch,rowboat,volcano,,,,zipline,painters,,tarik,,facilities,,,,hoops,,scooters,steamy,growling,,,,,,,,,,
leafy,,cat,rowers,wetland,,,,ziplines,painting,,tavern,,eleven,,,,hop,,scooting,sticky,grumble,,,,,,,,,,
leaved,,caterpillar,saltwater,wetlands,,,,camping,paintings,,tea,,facilities,,,,hopped,,shutterbugs,stinging,grunt,,,,,,,,,,
lemongrass,,caterpillars,sea,,,,,campsites,palace,,teahouse,,auditorium,,,,jog,,sightseeing,stroking,grunting,,,,,,,,,,
lichen,,catfish,seabed,,,,,dugout,palaces,,thosai,,house,,,,jogged,,singers,stung,guggle,,,,,,,,,,
lithophyte,,catfishes,seagrass,,,,,sandboxes,parish,,trattoria,,reception,,,,jogger,,snooker,sultry,guitar,,,,,,,,,,
lobe,,cats,seagrass ,,,,,sandpit,pastor,,udon,,centre,,,,joggers,,soloists,sunburned,guitars,,,,,,,,,,
lobule,,mites,sealevel,,,,,sandpits,performance,,vending,,,,,,jogging,,stroll,sunburnt,gurgle,,,,,,,,,,
longifolia,,owls,seas,,,,,tent,performances,,watercooler,,,,,,jogs,,strolled,sweating,gurgling,,,,,,,,,,
lush,,hornets,seashore,,,,,tents,plaque,,watercoolers,,,,,,judo,,strollers,sweaty,hark,,,,,,,,,,
lushly,,salamanders,seaside,,,,,amphitheater,portrait,,watering,,,,,,jump,,strolling,sweltering,harken,,,,,,,,,,
lushness,,primatal,seaview,,,,,amusements,portraits,,waterless,,,,,,jumped,,strolls,swollen,harmonic,,,,,,,,,,
macrovegetation,,cattle,seawater,,,,,barges,potter,,watertap,,,,,,jumping,,sunrise,tactile,harp,,,,,,,,,,
mangosteen,,centipede,seawaters,,,,,cablecar,pottery,,kopitiam,,,,,,jumps,,sunset,temperature,hear,,,,,,,,,,
mangrove,,otters,sewage,,,,,catamaran,raku,,,,,,,,karate,,symphonic,temperatures,heard,,,,,,,,,,
mangroves,,sardines,sewer,,,,,conservatory,relic,,,,,,,,kayak,,symphonies,texture,hearken,,,,,,,,,,
marsh,,herd,sewerage,,,,,greenhouse,relics,,,,,,,,kayakers,,symphony,textured,hears,,,,,,,,,,
marshes,,mutt,shallows,,,,,greenhouses,religious,,,,,,,,kayaking,,togethers,ticklish,hiss,,,,,,,,,,
marshland,,centipedes,shore ,,,,,labyrinth,remembrance,,,,,,,,kayaks,,tour,tingled,hissing,,,,,,,,,,
marshlands,,pisang,shoreline,,,,,mazes,rockeries,,,,,,,,kickboxing,,tours,tingling,hizz,,,,,,,,,,
marshy,,chicken,shorelines,,,,,rowboat,rockeries,,,,,,,,kungfu,,traipse,touch,hoarse,,,,,,,,,,
meadow,,chicks,snorkeling,,,,,steamboat,sculpted,,,,,,,,leaping,,traipsing,touchy,hollering,,,,,,,,,,
meadows,,species,species,,,,,platform,sculptor,,,,,,,,loiter,,trip,tough,honk,,,,,,,,,,
mesophyte,,paw,stormwater,,,,,theme,sculptors,,,,,,,,longboards,,twitchers,tougher,honking,,,,,,,,,,
micropropagation,,haddock,stream,,,,,play,sculptural,,,,,,,,mambo,,videographer,toughest,hoot,,,,,,,,,,
mimosa,,springers,streams,,,,,houses,sculptural,,,,,,,,marathon,,vocalists,warm,howl,,,,,,,,,,
monocotyledon,,microfauna,swamp,,,,,dog,sculpture,,,,,,,,marathoner,,,warmed,howling,,,,,,,,,,
moringa,,bunny,swamped,,,,,safra,sculptured,,,,,,,,marathons,,,warmer,hum,,,,,,,,,,
moss,,moose,swamping,,,,,cable,sculptured,,,,,,,,mobike,,,warming,humming,,,,,,,,,,
mosses,,mynah,swamps,,,,,picnic,sculptures,,,,,,,,mobikes,,,warms,hush,,,,,,,,,,
mugwort,,robins,swamps ,,,,,bbq,sculpturing,,,,,,,,mobikes,,,warmth,hushed,,,,,,,,,,
mulberry,,hare,swampy,,,,,square,show,,,,,,,,motorbike,,,waterlogged,husky,,,,,,,,,,
nipah,,chinook,swampy ,,,,,recreational,shows,,,,,,,,motorbikes,,,wet,inaudible,,,,,,,,,,
nurseplant,,prawn,tide,,,,,center,shrine,,,,,,,,motorcross,,,wetter,jazz,,,,,,,,,,
oak,,goanna,tides,,,,,point,shrine,,,,,,,,motorcycle,,,wind,jingle,,,,,,,,,,
oaks,,hunters,torrent,,,,,entertainment,shrines,,,,,,,,motorcycles,,,winds,joke,,,,,,,,,,
oasis,,mousedeer,transriverine,,,,,entertainments,shrines,,,,,,,,motorcyclists,,,windy,jokes,,,,,,,,,,
oleander,,meiofauna,upstream,,,,,ground,statuary,,,,,,,,mountainbike,,,slip,joking,,,,,,,,,,
palm,,lizards,water,,,,,tunnel,statue,,,,,,,,mountaineer,,,slipped,jubilant,,,,,,,,,,
palms,,pelicans,waterbodies,,,,,angler,statues,,,,,,,,mountaineering,,,slipping,karaoke,,,,,,,,,,
pandanus,,peacocks,waterbody,,,,,anglers,statuettes,,,,,,,,mountaineers,,,slips,karoke,,,,,,,,,,
parvifolious,,shad,waterfall,,,,,anglers,stele,,,,,,,,mtb,,,stumbled,kidding,,,,,,,,,,
paulownia,,otter,waterfalls,,,,,anglers ,stonescape,,,,,,,,muay,,,,laugh,,,,,,,,,,
phanerophyte,,leopard,waterfront,,,,,barbecue,tablets,,,,,,,,offroad,,,,laughed,,,,,,,,,,
pine,,ayam,waterfront ,,,,,barbecued,temple,,,,,,,,orienteering,,,,laughing,,,,,,,,,,
pines,,predators,waterfronts ,,,,,barbecues,temples,,,,,,,,paddle,,,,laughs,,,,,,,,,,
pinnule,,cicada,waters,,,,,barbecuing,terracotta,,,,,,,,paddleboarding,,,,laughter,,,,,,,,,,
pisang,,cicadas,waterscape,,,,,barbeque,textured,,,,,,,,paddled,,,,listen,,,,,,,,,,
pistil,,fossil,waterscape ,,,,,barbeques,textures,,,,,,,,paddlers,,,,listened,,,,,,,,,,
plant,,clam,waterscapes,,,,,barbequing,theatre,,,,,,,,paddles,,,,listening,,,,,,,,,,
planted,,molluscs,waterside,,,,,BBQ,tomb,,,,,,,,paddling,,,,livelier,,,,,,,,,,
planting,,joey,waterside ,,,,,bbq,tombstone,,,,,,,,paragliding,,,,loud,,,,,,,,,,
plantings,,ravens,waterslide,,,,,birder,tombstones,,,,,,,,parasailing,,,,louder,,,,,,,,,,
plantlife,,iguana,waterway,,,,,birders,topiary,,,,,,,,parkour,,,,loudly,,,,,,,,,,
plants,,mosquitoes,waterways,,,,,birding,tower,,,,,,,,pedaled,,,,loudly ,,,,,,,,,,
pollination,,clams,wave,,,,,birdwatch,towers,,,,,,,,pedaling,,,,loudness,,,,,,,,,,
polycotyledon,,masuk,waves,,,,,birdwatcher,tradition,,,,,,,,pedestrians,,,,loudspeakers,,,,,,,,,,
polyrhizal,,rendang,wetland,,,,,birdwatchers,traditions,,,,,,,,pickleball,,,,lullaby,,,,,,,,,,
poplars,,bear,wetlands,,,,,birdwatching,treasure,,,,,,,,pilates,,,,melodic,,,,,,,,,,
potplant,,mussel,wharf,,,,,boaters,treasures,,,,,,,,pilates,,,,melodious,,,,,,,,,,
prunus,,cockatoo,,,,,,camp,vintage,,,,,,,,pitch,,,,meow,,,,,,,,,,
psammophyte,,cockerels,,,,,,camped,woodcarving,,,,,,,,pitcher,,,,moan,,,,,,,,,,
racemosa,,cow,,,,,,camper,zodiacs,,,,,,,,pitchers,,,,moaning,,,,,,,,,,
rainforest,,primates,,,,,,campers,ensemble,,,,,,,,pitches,,,,muffled,,,,,,,,,,
rainforests,,patin,,,,,,camping,lighthouse,,,,,,,,pitching,,,,mumbling,,,,,,,,,,
reeds,,chipmunk,,,,,,camps,opera,,,,,,,,prancing,,,,murmur,,,,,,,,,,
reefs,,cockroaches,,,,,,campsite,operas,,,,,,,,pull,,,,music,,,,,,,,,,
replanting,,cod,,,,,,campsites,surau,,,,,,,,pulled,,,,musical,,,,,,,,,,
rhizoid,,rabbits,,,,,,picnic,tunnel,,,,,,,,pulleys,,,,musician,,,,,,,,,,
rhizome,,lobster,,,,,,picnicked,,,,,,,,,pulling,,,,musicians,,,,,,,,,,
root,,boa,,,,,,picnickers,,,,,,,,,pulls,,,,mute,,,,,,,,,,
rootstock,,pythons,,,,,,picnicking,,,,,,,,,pullup,,,,mutter,,,,,,,,,,
rosemary,,collie,,,,,,picnicking,,,,,,,,,pushbikes,,,,natter,,,,,,,,,,
rosemary,,lobsters,,,,,,picnics,,,,,,,,,qigong,,,,neigh,,,,,,,,,,
sapling,,organism,,,,,,theatre,,,,,,,,,race,,,,noise,,,,,,,,,,
saplings,,goldfish,,,,,,theater,,,,,,,,,raced,,,,noiseless,,,,,,,,,,
sciophyte,,monster,,,,,,cinema,,,,,,,,,racer,,,,noises,,,,,,,,,,
seagrass,,colugos,,,,,,,,,,,,,,,racers,,,,noisey,,,,,,,,,,
seaplant,,meat,,,,,,,,,,,,,,,races,,,,noisier,,,,,,,,,,
seaweeds,,kou,,,,,,,,,,,,,,,racing,,,,noisily,,,,,,,,,,
seedling,,corals,,,,,,,,,,,,,,,racquet,,,,noisy,,,,,,,,,,
seedlings,,chipmunks,,,,,,,,,,,,,,,rafting,,,,operas,,,,,,,,,,
seedplant,,pigeon,,,,,,,,,,,,,,,rafting,,,,orchestra,,,,,,,,,,
seedweed,,gecko,,,,,,,,,,,,,,,ran,,,,orchestral,,,,,,,,,,
sepal,,myna,,,,,,,,,,,,,,,regatta,,,,orchestras,,,,,,,,,,
shadeplant,,rufous,,,,,,,,,,,,,,,ridden,,,,peaceful,,,,,,,,,,
shrub,,corgi,,,,,,,,,,,,,,,ride,,,,peacefully,,,,,,,,,,
shrubberies,,parasite,,,,,,,,,,,,,,,rider,,,,peal,,,,,,,,,,
shrubbery,,dodol,,,,,,,,,,,,,,,riders,,,,percussion,,,,,,,,,,
shrubs,,coral,,,,,,,,,,,,,,,rides,,,,performaces,,,,,,,,,,
sod,,fishery,,,,,,,,,,,,,,,riding,,,,performance,,,,,,,,,,
spermaphyte,,bacteria,,,,,,,,,,,,,,,rise,,,,performances,,,,,,,,,,
spinach,,cobra,,,,,,,,,,,,,,,risen,,,,philharmonic,,,,,,,,,,
spore,,macaw,,,,,,,,,,,,,,,rising,,,,phonate,,,,,,,,,,
spores,,langurs,,,,,,,,,,,,,,,rode,,,,pianist,,,,,,,,,,
sprig,,moths,,,,,,,,,,,,,,,rollerblade,,,,piano,,,,,,,,,,
sprout,,cows,,,,,,,,,,,,,,,rollerbladers,,,,placid,,,,,,,,,,
sprouting,,crab,,,,,,,,,,,,,,,rollerblades,,,,plonk,,,,,,,,,,
sprouts,,crabs,,,,,,,,,,,,,,,rollerblading,,,,plop,,,,,,,,,,
stalk,,pet,,,,,,,,,,,,,,,rollerskate,,,,plopped,,,,,,,,,,
stalks,,mammals,,,,,,,,,,,,,,,rollerskates,,,,plunk,,,,,,,,,,
strawberry,,hippo,,,,,,,,,,,,,,,rowboat,,,,pounding,,,,,,,,,,
stump,,crawlies,,,,,,,,,,,,,,,rowers,,,,quack,,,,,,,,,,
stumps,,mantis,,,,,,,,,,,,,,,rowing,,,,quiet,,,,,,,,,,
succulent,,crayfish,,,,,,,,,,,,,,,run,,,,quieter,,,,,,,,,,
succulents,,creature,,,,,,,,,,,,,,,runing,,,,quietest,,,,,,,,,,
sylvan,,kangaroos,,,,,,,,,,,,,,,running,,,,quietness,,,,,,,,,,
thicket,,creatures,,,,,,,,,,,,,,,runnning,,,,quietude,,,,,,,,,,
thickets,,crickets,,,,,,,,,,,,,,,runs,,,,rang,,,,,,,,,,
timberline,,beings,,,,,,,,,,,,,,,sail,,,,raspy,,,,,,,,,,
tree,,critter,,,,,,,,,,,,,,,sailed,,,,rattle,,,,,,,,,,
treeline,,critters,,,,,,,,,,,,,,,sailing,,,,rattling,,,,,,,,,,
trees,,croc,,,,,,,,,,,,,,,sails,,,,raucous,,,,,,,,,,
trillium,,crocodile,,,,,,,,,,,,,,,salsa,,,,recital,,,,,,,,,,
trillium,,plover,,,,,,,,,,,,,,,samba,,,,recitals,,,,,,,,,,
tumeric,,crocodiles,,,,,,,,,,,,,,,sampan,,,,resound,,,,,,,,,,
turf,,mussels,,,,,,,,,,,,,,,sampans,,,,reverberate,,,,,,,,,,
turmeric,,chick,,,,,,,,,,,,,,,scamper,,,,rhythm,,,,,,,,,,
tussock,,gulls,,,,,,,,,,,,,,,scampered,,,,rhythmic,,,,,,,,,,
twig,,pangolin,,,,,,,,,,,,,,,scampered,,,,rhythms,,,,,,,,,,
twigs,,cobras,,,,,,,,,,,,,,,scampering,,,,ringing,,,,,,,,,,
underbrush,,crocodiles ,,,,,,,,,,,,,,,schooner,,,,riot,,,,,,,,,,
undergrowth,,parrots,,,,,,,,,,,,,,,scurried,,,,roar,,,,,,,,,,
understory,,crocodilian,,,,,,,,,,,,,,,scurry,,,,roared,,,,,,,,,,
vegetables,,sotong,,,,,,,,,,,,,,,scurrying,,,,roaring,,,,,,,,,,
vegetated,,langur,,,,,,,,,,,,,,,shaolin,,,,roars,,,,,,,,,,
vegetation,,rats,,,,,,,,,,,,,,,shuttlecock,,,,rowdy,,,,,,,,,,
vegetations,,kitties,,,,,,,,,,,,,,,skate,,,,ruckus,,,,,,,,,,
veggies,,heron,,,,,,,,,,,,,,,skateboard,,,,rumble,,,,,,,,,,
vine,,crocs,,,,,,,,,,,,,,,skateboarders,,,,rumbling,,,,,,,,,,
vines,,mammal,,,,,,,,,,,,,,,skateboarding,,,,rustle,,,,,,,,,,
vineyard,,monkeys,,,,,,,,,,,,,,,skateboards,,,,rustled,,,,,,,,,,
viridis,,hawks,,,,,,,,,,,,,,,skated,,,,rustles,,,,,,,,,,
waterlilies,,parrot,,,,,,,,,,,,,,,skatepark,,,,rustling,,,,,,,,,,
waterlily,,reptiliform,,,,,,,,,,,,,,,skater,,,,rustlings,,,,,,,,,,
weed,,hog,,,,,,,,,,,,,,,skaters,,,,screak,,,,,,,,,,
weeding,,insects,,,,,,,,,,,,,,,skates,,,,scream,,,,,,,,,,
weeds,,crow,,,,,,,,,,,,,,,skating,,,,screaming,,,,,,,,,,
wetland,,puppies,,,,,,,,,,,,,,,ski,,,,screams,,,,,,,,,,
wetlands,,labrador,,,,,,,,,,,,,,,skiing,,,,screech,,,,,,,,,,
wildwood,,grouper,,,,,,,,,,,,,,,slalom,,,,screeching,,,,,,,,,,
wooded,,millipede,,,,,,,,,,,,,,,slid,,,,screechy,,,,,,,,,,
woodland,,reptile,,,,,,,,,,,,,,,slide,,,,serenade,,,,,,,,,,
woodlands,,mozzies,,,,,,,,,,,,,,,sliding,,,,serenaded,,,,,,,,,,
woodplant,,groupers,,,,,,,,,,,,,,,slinks,,,,serenades,,,,,,,,,,
woods,,mosquitoe,,,,,,,,,,,,,,,slipped,,,,serene,,,,,,,,,,
woodsy,,crows,,,,,,,,,,,,,,,slipping,,,,serenity,,,,,,,,,,
woody,,lizard,,,,,,,,,,,,,,,sloop,,,,shout,,,,,,,,,,
xerophyte,,rodent,,,,,,,,,,,,,,,sloops,,,,shouted,,,,,,,,,,
yaki,,roosting,,,,,,,,,,,,,,,snorkel,,,,shouting,,,,,,,,,,
yew,,orang,,,,,,,,,,,,,,,snorkeling,,,,shouts,,,,,,,,,,
,,cryptozoa,,,,,,,,,,,,,,,soared,,,,shreech,,,,,,,,,,
,,cuckoos,,,,,,,,,,,,,,,soccer,,,,shriek,,,,,,,,,,
,,cygnets,,,,,,,,,,,,,,,softball,,,,shrieking,,,,,,,,,,
,,damselflies,,,,,,,,,,,,,,,speedboat,,,,shrill,,,,,,,,,,
,,deer,,,,,,,,,,,,,,,sport,,,,shush,,,,,,,,,,
,,deers,,,,,,,,,,,,,,,sporting,,,,sibilance,,,,,,,,,,
,,dino,,,,,,,,,,,,,,,sports,,,,sibilancy,,,,,,,,,,
,,dinos,,,,,,,,,,,,,,,sprint,,,,silence,,,,,,,,,,
,,scallops,,,,,,,,,,,,,,,sprinting,,,,silent,,,,,,,,,,
,,horse,,,,,,,,,,,,,,,sprints,,,,sing,,,,,,,,,,
,,pup,,,,,,,,,,,,,,,squash,,,,singer,,,,,,,,,,
,,jellyfish,,,,,,,,,,,,,,,squat,,,,singers,,,,,,,,,,
,,moorhen,,,,,,,,,,,,,,,squats,,,,singing,,,,,,,,,,
,,iguanas,,,,,,,,,,,,,,,strutted,,,,sings,,,,,,,,,,
,,mollusca,,,,,,,,,,,,,,,strutting,,,,siren,,,,,,,,,,
,,rhinos,,,,,,,,,,,,,,,surf,,,,sizzle,,,,,,,,,,
,,frogs,,,,,,,,,,,,,,,surfboards,,,,sizzles,,,,,,,,,,
,,hornet,,,,,,,,,,,,,,,surfed,,,,sizzling,,,,,,,,,,
,,lemur,,,,,,,,,,,,,,,surfer,,,,slient,,,,,,,,,,
,,pullus,,,,,,,,,,,,,,,surfers,,,,smackingly,,,,,,,,,,
,,dinosaur,,,,,,,,,,,,,,,surfing,,,,snarl,,,,,,,,,,
,,dinosaurs,,,,,,,,,,,,,,,surfs,,,,sneering,,,,,,,,,,
,,doe,,,,,,,,,,,,,,,swam,,,,snort,,,,,,,,,,
,,dog,,,,,,,,,,,,,,,swim,,,,solitude,,,,,,,,,,
,,doggie,,,,,,,,,,,,,,,swimmer,,,,soloists,,,,,,,,,,
,,doggies,,,,,,,,,,,,,,,swimmers,,,,solos,,,,,,,,,,
,,penguin,,,,,,,,,,,,,,,swimming,,,,song,,,,,,,,,,
,,hedgehog,,,,,,,,,,,,,,,swims,,,,songs,,,,,,,,,,
,,ponies,,,,,,,,,,,,,,,taekwondo,,,,sound,,,,,,,,,,
,,scorpion,,,,,,,,,,,,,,,taichi,,,,sounded,,,,,,,,,,
,,bunnies,,,,,,,,,,,,,,,taiji,,,,sounding,,,,,,,,,,
,,doggy,,,,,,,,,,,,,,,taijiquan,,,,soundless,,,,,,,,,,
,,predator,,,,,,,,,,,,,,,takraw,,,,sounds,,,,,,,,,,
,,pheasant,,,,,,,,,,,,,,,tennis,,,,speak,,,,,,,,,,
,,quail,,,,,,,,,,,,,,,training ,,,,speaking,,,,,,,,,,
,,dogs,,,,,,,,,,,,,,,traipse,,,,speaks,,,,,,,,,,
,,dolphin,,,,,,,,,,,,,,,traipsing,,,,splash,,,,,,,,,,
,,dolphins,,,,,,,,,,,,,,,trampoline,,,,splashes,,,,,,,,,,
,,donkey,,,,,,,,,,,,,,,trampolines,,,,splat,,,,,,,,,,
,,hummingbird,,,,,,,,,,,,,,,treadmill,,,,spoken,,,,,,,,,,
,,doves,,,,,,,,,,,,,,,trek,,,,squawking,,,,,,,,,,
,,reptiles,,,,,,,,,,,,,,,treking,,,,squeaky,,,,,,,,,,
,,dragonflies,,,,,,,,,,,,,,,trekked,,,,squeal,,,,,,,,,,
,,dragonfly,,,,,,,,,,,,,,,trekker,,,,squealing,,,,,,,,,,
,,goose,,,,,,,,,,,,,,,trekkers,,,,squeals,,,,,,,,,,
,,lion,,,,,,,,,,,,,,,trekking,,,,stared,,,,,,,,,,
,,huskies,,,,,,,,,,,,,,,treks,,,,stridulate,,,,,,,,,,
,,retriever,,,,,,,,,,,,,,,triathlon,,,,swish,,,,,,,,,,
,,nightjar,,,,,,,,,,,,,,,tricycles,,,,swoosh,,,,,,,,,,
,,rat,,,,,,,,,,,,,,,trike,,,,symphonic,,,,,,,,,,
,,duck,,,,,,,,,,,,,,,trikes,,,,symphonies,,,,,,,,,,
,,hen,,,,,,,,,,,,,,,tromping,,,,symphony,,,,,,,,,,
,,planktons,,,,,,,,,,,,,,,trotted,,,,talk,,,,,,,,,,
,,raptor,,,,,,,,,,,,,,,trotted,,,,talked,,,,,,,,,,
,,ducklings,,,,,,,,,,,,,,,trudge,,,,talking,,,,,,,,,,
,,grouse,,,,,,,,,,,,,,,trudging,,,,taunt,,,,,,,,,,
,,peacock,,,,,,,,,,,,,,,trundle,,,,teased,,,,,,,,,,
,,ducks,,,,,,,,,,,,,,,tumbles,,,,teasing,,,,,,,,,,
,,eagle,,,,,,,,,,,,,,,unicycles,,,,thud,,,,,,,,,,
,,eagles,,,,,,,,,,,,,,,ventured,,,,thump,,,,,,,,,,
,,earthworms,,,,,,,,,,,,,,,volleyball,,,,thumping,,,,,,,,,,
,,poultry,,,,,,,,,,,,,,,volleyballs,,,,thumps,,,,,,,,,,
,,echidna,,,,,,,,,,,,,,,vollyball,,,,thunder,,,,,,,,,,
,,hawk,,,,,,,,,,,,,,,wakeboard,,,,thunderous,,,,,,,,,,
,,koel,,,,,,,,,,,,,,,wakeboarders,,,,thunders,,,,,,,,,,
,,marsupial,,,,,,,,,,,,,,,wakeboarding,,,,thunk,,,,,,,,,,
,,panda,,,,,,,,,,,,,,,wakeboards,,,,tinkle,,,,,,,,,,
,,eel,,,,,,,,,,,,,,,walk,,,,tones ,,,,,,,,,,
,,hives,,,,,,,,,,,,,,,walked,,,,toot,,,,,,,,,,
,,eels,,,,,,,,,,,,,,,walkers,,,,tootle,,,,,,,,,,
,,egret,,,,,,,,,,,,,,,walking,,,,tranquil,,,,,,,,,,
,,egrets,,,,,,,,,,,,,,,walks,,,,tranquility,,,,,,,,,,
,,egrets ,,,,,,,,,,,,,,,waterski,,,,trill,,,,,,,,,,
,,elephant,,,,,,,,,,,,,,,waterskiing,,,,trilling,,,,,,,,,,
,,elephants,,,,,,,,,,,,,,,watersport,,,,trumpet,,,,,,,,,,
,,elk,,,,,,,,,,,,,,,watersports,,,,tunes,,,,,,,,,,
,,emu,,,,,,,,,,,,,,,wheelers,,,,vocals,,,,,,,,,,
,,koalas,,,,,,,,,,,,,,,windsurf,,,,vociferous,,,,,,,,,,
,,hummingbirds,,,,,,,,,,,,,,,windsurfers,,,,voice,,,,,,,,,,
,,sharks,,,,,,,,,,,,,,,windsurfing,,,,voiceless,,,,,,,,,,
,,puppy,,,,,,,,,,,,,,,woodball,,,,voices,,,,,,,,,,
,,grebe,,,,,,,,,,,,,,,workout,,,,wail,,,,,,,,,,
,,litters,,,,,,,,,,,,,,,workouts,,,,warble,,,,,,,,,,
,,lions,,,,,,,,,,,,,,,wrestling,,,,weeping,,,,,,,,,,
,,pigs,,,,,,,,,,,,,,,wushu,,,,welcomed,,,,,,,,,,
,,epifauna,,,,,,,,,,,,,,,yacht,,,,whiffle,,,,,,,,,,
,,komodo,,,,,,,,,,,,,,,yachts,,,,whimper,,,,,,,,,,
,,falcons,,,,,,,,,,,,,,,yoga,,,,whine,,,,,,,,,,
,,pelagics,,,,,,,,,,,,,,,yogas,,,,whinge,,,,,,,,,,
,,fauna,,,,,,,,,,,,,,,yogi,,,,whinging,,,,,,,,,,
,,poodle,,,,,,,,,,,,,,,yogis,,,,whining,,,,,,,,,,
,,raptors,,,,,,,,,,,,,,,zumba,,,,whinny,,,,,,,,,,
,,pests,,,,,,,,,,,,,,,,,,,whir,,,,,,,,,,
,,mosquito,,,,,,,,,,,,,,,,,,,whisper,,,,,,,,,,
,,faunas,,,,,,,,,,,,,,,,,,,whispering,,,,,,,,,,
,,fawn,,,,,,,,,,,,,,,,,,,whisperless,,,,,,,,,,
,,pest,,,,,,,,,,,,,,,,,,,whispers,,,,,,,,,,
,,fish,,,,,,,,,,,,,,,,,,,whistle,,,,,,,,,,
,,fishes,,,,,,,,,,,,,,,,,,,whistling,,,,,,,,,,
,,primate,,,,,,,,,,,,,,,,,,,whizzing,,,,,,,,,,
,,kingfisher,,,,,,,,,,,,,,,,,,,whoop,,,,,,,,,,
,,millipedes,,,,,,,,,,,,,,,,,,,whooping,,,,,,,,,,
,,tzu,,,,,,,,,,,,,,,,,,,whoosh,,,,,,,,,,
,,grasshopper,,,,,,,,,,,,,,,,,,,whooshing,,,,,,,,,,
,,fishies,,,,,,,,,,,,,,,,,,,yapping,,,,,,,,,,
,,nesting,,,,,,,,,,,,,,,,,,,yell,,,,,,,,,,
,,flamingo,,,,,,,,,,,,,,,,,,,yelled,,,,,,,,,,
,,flamingoes,,,,,,,,,,,,,,,,,,,yelling,,,,,,,,,,
,,monkey,,,,,,,,,,,,,,,,,,,yelp,,,,,,,,,,
,,flamingos,,,,,,,,,,,,,,,,,,,yowl,,,,,,,,,,
,,guan,,,,,,,,,,,,,,,,,,,peacefulness,,,,,,,,,,
,,lories,,,,,,,,,,,,,,,,,,,sizzles,,,,,,,,,,
,,herbivore,,,,,,,,,,,,,,,,,,,scratchy,,,,,,,,,,
,,hooves,,,,,,,,,,,,,,,,,,,,,,,,,,,,,
,,hens,,,,,,,,,,,,,,,,,,,,,,,,,,,,,
,,omnivores,,,,,,,,,,,,,,,,,,,,,,,,,,,,,
,,oysters,,,,,,,,,,,,,,,,,,,,,,,,,,,,,
,,fleas,,,,,,,,,,,,,,,,,,,,,,,,,,,,,
,,flocks,,,,,,,,,,,,,,,,,,,,,,,,,,,,,
,,fowl,,,,,,,,,,,,,,,,,,,,,,,,,,,,,
,,reptilia,,,,,,,,,,,,,,,,,,,,,,,,,,,,,
,,pups,,,,,,,,,,,,,,,,,,,,,,,,,,,,,
,,sandpiper,,,,,,,,,,,,,,,,,,,,,,,,,,,,,
,,reptilian,,,,,,,,,,,,,,,,,,,,,,,,,,,,,
,,sandflies,,,,,,,,,,,,,,,,,,,,,,,,,,,,,
,,fowls,,,,,,,,,,,,,,,,,,,,,,,,,,,,,
,,fox,,,,,,,,,,,,,,,,,,,,,,,,,,,,,
,,foxes,,,,,,,,,,,,,,,,,,,,,,,,,,,,,
,,frog,,,,,,,,,,,,,,,,,,,,,,,,,,,,,
,,macaque,,,,,,,,,,,,,,,,,,,,,,,,,,,,,
,,mice,,,,,,,,,,,,,,,,,,,,,,,,,,,,,
,,flock,,,,,,,,,,,,,,,,,,,,,,,,,,,,,
,,sheep,,,,,,,,,,,,,,,,,,,,,,,,,,,,,
,,sheeps,,,,,,,,,,,,,,,,,,,,,,,,,,,,,
,,shellfish,,,,,,,,,,,,,,,,,,,,,,,,,,,,,
,,shorebird,,,,,,,,,,,,,,,,,,,,,,,,,,,,,
,,shorebirds,,,,,,,,,,,,,,,,,,,,,,,,,,,,,
,,shrike,,,,,,,,,,,,,,,,,,,,,,,,,,,,,
,,shrimp,,,,,,,,,,,,,,,,,,,,,,,,,,,,,
,,shrimps,,,,,,,,,,,,,,,,,,,,,,,,,,,,,
,,skink,,,,,,,,,,,,,,,,,,,,,,,,,,,,,
,,skinks,,,,,,,,,,,,,,,,,,,,,,,,,,,,,
,,skippers,,,,,,,,,,,,,,,,,,,,,,,,,,,,,
,,skunks,,,,,,,,,,,,,,,,,,,,,,,,,,,,,
,,smelt,,,,,,,,,,,,,,,,,,,,,,,,,,,,,
,,snail,,,,,,,,,,,,,,,,,,,,,,,,,,,,,
,,snails,,,,,,,,,,,,,,,,,,,,,,,,,,,,,
,,snake,,,,,,,,,,,,,,,,,,,,,,,,,,,,,
,,snakehead,,,,,,,,,,,,,,,,,,,,,,,,,,,,,
,,snakeheads,,,,,,,,,,,,,,,,,,,,,,,,,,,,,
,,snakes,,,,,,,,,,,,,,,,,,,,,,,,,,,,,
,,songbirds,,,,,,,,,,,,,,,,,,,,,,,,,,,,,
,,sparrow,,,,,,,,,,,,,,,,,,,,,,,,,,,,,
,,sparrowhawk,,,,,,,,,,,,,,,,,,,,,,,,,,,,,
,,sparrows,,,,,,,,,,,,,,,,,,,,,,,,,,,,,
,,spider,,,,,,,,,,,,,,,,,,,,,,,,,,,,,
,,spiders,,,,,,,,,,,,,,,,,,,,,,,,,,,,,
,,squid,,,,,,,,,,,,,,,,,,,,,,,,,,,,,
,,squirrel,,,,,,,,,,,,,,,,,,,,,,,,,,,,,
,,squirrels,,,,,,,,,,,,,,,,,,,,,,,,,,,,,
,,starfish,,,,,,,,,,,,,,,,,,,,,,,,,,,,,
,,starling,,,,,,,,,,,,,,,,,,,,,,,,,,,,,
,,stingray,,,,,,,,,,,,,,,,,,,,,,,,,,,,,
,,stingrays,,,,,,,,,,,,,,,,,,,,,,,,,,,,,
,,storks,,,,,,,,,,,,,,,,,,,,,,,,,,,,,
,,sunbird,,,,,,,,,,,,,,,,,,,,,,,,,,,,,
,,sunbirds,,,,,,,,,,,,,,,,,,,,,,,,,,,,,
,,swan,,,,,,,,,,,,,,,,,,,,,,,,,,,,,
,,swans,,,,,,,,,,,,,,,,,,,,,,,,,,,,,
,,tadpoles,,,,,,,,,,,,,,,,,,,,,,,,,,,,,
,,termite,,,,,,,,,,,,,,,,,,,,,,,,,,,,,
,,termites,,,,,,,,,,,,,,,,,,,,,,,,,,,,,
,,terrapin,,,,,,,,,,,,,,,,,,,,,,,,,,,,,
,,terrapins,,,,,,,,,,,,,,,,,,,,,,,,,,,,,
,,thrushes,,,,,,,,,,,,,,,,,,,,,,,,,,,,,
,,tiger,,,,,,,,,,,,,,,,,,,,,,,,,,,,,
,,tigers,,,,,,,,,,,,,,,,,,,,,,,,,,,,,
,,tilapia,,,,,,,,,,,,,,,,,,,,,,,,,,,,,
,,toad,,,,,,,,,,,,,,,,,,,,,,,,,,,,,
,,tortoise,,,,,,,,,,,,,,,,,,,,,,,,,,,,,
,,tortoises,,,,,,,,,,,,,,,,,,,,,,,,,,,,,
,,toucan,,,,,,,,,,,,,,,,,,,,,,,,,,,,,
,,trevally,,,,,,,,,,,,,,,,,,,,,,,,,,,,,
,,tuna,,,,,,,,,,,,,,,,,,,,,,,,,,,,,
,,turkey,,,,,,,,,,,,,,,,,,,,,,,,,,,,,
,,turnstones,,,,,,,,,,,,,,,,,,,,,,,,,,,,,
,,turtle,,,,,,,,,,,,,,,,,,,,,,,,,,,,,
,,turtles,,,,,,,,,,,,,,,,,,,,,,,,,,,,,
,,veery,,,,,,,,,,,,,,,,,,,,,,,,,,,,,
,,velociraptors,,,,,,,,,,,,,,,,,,,,,,,,,,,,,
,,vermin,,,,,,,,,,,,,,,,,,,,,,,,,,,,,
,,vertebrate,,,,,,,,,,,,,,,,,,,,,,,,,,,,,
,,viper,,,,,,,,,,,,,,,,,,,,,,,,,,,,,
,,wallabies,,,,,,,,,,,,,,,,,,,,,,,,,,,,,
,,wasps,,,,,,,,,,,,,,,,,,,,,,,,,,,,,
,,waterbirds,,,,,,,,,,,,,,,,,,,,,,,,,,,,,
,,waterfowl,,,,,,,,,,,,,,,,,,,,,,,,,,,,,
,,whale,,,,,,,,,,,,,,,,,,,,,,,,,,,,,
,,whales,,,,,,,,,,,,,,,,,,,,,,,,,,,,,
,,wheatear,,,,,,,,,,,,,,,,,,,,,,,,,,,,,
,,whimbrel,,,,,,,,,,,,,,,,,,,,,,,,,,,,,
,,wildife,,,,,,,,,,,,,,,,,,,,,,,,,,,,,
,,wildlife,,,,,,,,,,,,,,,,,,,,,,,,,,,,,
,,wolves,,,,,,,,,,,,,,,,,,,,,,,,,,,,,
,,wombats,,,,,,,,,,,,,,,,,,,,,,,,,,,,,
,,woodpecker,,,,,,,,,,,,,,,,,,,,,,,,,,,,,
,,woodpeckers,,,,,,,,,,,,,,,,,,,,,,,,,,,,,
,,zebra,,,,,,,,,,,,,,,,,,,,,,,,,,,,,
,,zoo,,,,,,,,,,,,,,,,,,,,,,,,,,,,,
,,zoos,,,,,,,,,,,,,,,,,,,,,,,,,,,,,
,,,,,,,,,,,,,,,,,,,,,,,,,,,,,,,
,,wetlands,,,,,,,,,,,,,,,,,,,,,,,,,,,,,
,,fungi,,,,,,,,,,,,,,,,,,,,,,,,,,,,,
,,ladyfinger,,,,,,,,,,,,,,,,,,,,,,,,,,,,,
,,saya,,,,,,,,,,,,,,,,,,,,,,,,,,,,,
,,jackfruit,,,,,,,,,,,,,,,,,,,,,,,,,,,,,
,,muri,,,,,,,,,,,,,,,,,,,,,,,,,,,,,
,,nest,,,,,,,,,,,,,,,,,,,,,,,,,,,,,
,,satays,,,,,,,,,,,,,,,,,,,,,,,,,,,,,
,,bulbuls,,,,,,,,,,,,,,,,,,,,,,,,,,,,,
